comment,date
"5Sが一番使いやすいって人おる？
ちなみに僕は、5Sが一番使いやすいです",永松治樹1か月前
自分高校3年間ずっと5S使ってますw,風神4週間前
"gakikai shaken 
それなぁー同感(・´ω`・)",声優とか大好き猫4週間前
iphoneって結局5 5s SEのサイズが1番おちつくんだよなぁ(´・ω・｀),Ponchi1か月前
"人それぞれだよね。

俺はiPhone6sPlusだけどなれたら不便とは思わないよ",うどんの全て1か月前
iPhone5Cもな,YUUATAE1週間前
"イヤホンジャックなくなったら
深夜にAV見るのがめんどくs…

ちなみに自分は未だにiPhone5です(´･_･`)",柊あくせる1か月前
みーも5,haipaamomotarou1か月前
みーも5って新しい機種？,浜崎順平1か月前
iPhone8まで6sで乗り切る！,0714tomoyuki1か月前
"+さけし  
決まってないけどな",TNUK1か月前
まー来年はよ来んかな,さけし1か月前
"イヤホンジャック廃止
→充電しつつ寝ながら音楽聴けない
→はい却下",HIROZoo1か月前
耳からうどんが出てるようにしか見えないよねｗ,OKA368921か月前
+OKA 36892それなｗｗｗｗ,HIROZoo1か月前
appleは結構日本を意識してきたね。,イルカ/1か月前
YouTubeアップデートしてからコメントが読みづらい,桃タカシ1か月前
確かに,藤原とうふ店自家用1か月前
なに脱獄したスマホ使い安いアピしてんの？ウイルスに感染するで,草木椿羽1か月前
薄くすることしか脳が無い無能社員,すこすこフェスティバル1か月前
"+KUROnene29 ありがとう
でもなんで無能社員とコメントしたら僕が有能になってるんですか？",すこすこフェスティバル1か月前
頭が良くないと人を批判しちゃいけないという考え。,kuSuner3週間前
iPhone日本しか売れてないから日本人が喜ぶような仕様だな,teaseigreen1か月前
iPhoneが売れてるのって、OSじゃなくメーカー別でって事じゃないの？,ZdravkoZdravkov1か月前
確かに今回は明らかに日本市場意識してるよね。,JuggerSuperman1か月前
ジェットブラックってすごい指紋が目立ちそうじゃない？,月樽1か月前
でも光沢が戻ってきたのはなんか嬉しい,★USHI★1か月前
"+★USHI★ 
わかる。
最初に手にしたのがiPod touch4thだったから光沢には馴染みがあって嬉しい。あれが黒く輝くんだからもうやばいわ。",TAKUYA40211か月前
水濡れのこshoは、ほshoの対sho外(σ・ω・)σ,ヘキサドコサ1か月前
ウェーイ！上げてけ上げてけ！,バスケ大好きボーイ1か月前
+野獣先輩 ダイナモ感覚！ダイナモ感覚！,岩間使節団1か月前
5sが1番いい機種だと思う,CR7し1か月前
"そうなんですか！
初耳でしたありがとうございます",CR7し1か月前
"そうです。外観は、サイズを含め5ｓと全く同じですので、よほどの理由が無い限り、
SE>5Sの関係が成り立つとおもいます。",pianokinnniku1か月前
ワイヤレスイヤホンって別売りなの！？しかもゴリ高い,Katomeg1か月前
#NAME?,カクタス1か月前
"+カクタス 
まじか笑笑笑いいね
",AKIHIRO1か月前
"いえ、防水です。確かに、Apple公式サイトでは「耐水」という表現になっていますが、防水防塵のグレードは国際規格として定められているのでどの製品にも、その製品に合った等級が与えられます。今回のiPhone 7には IP67 という等級が与えられており、防水において「水深1メートルに30分間沈め続けても耐えられる」グレードとなっております。

では、なぜ「耐水」という表現に疑問を持つのか、本来なら「防水」と「耐水」は似たような意味を持ちます。しかし、日本人は「防ぐ」と「耐える」に少し強度の差を感じているようです。こういった日本語の表現の難しさから誤解が生じているだけなのです。",FUMIYAADACHI1か月前（編集済み）
+なゆ 80000円,D昼<U+3E63>昼<U+3E63>kusaidom昼<U+3E63>昼<U+3E63>n1か月前
"日本人は「耐水」より「防水」のほうが強度が高いという印象を少なからず持っていると見受けられますが、もしそうだとするとappleはなぜ""防水""という表現を使わず、""耐水""という表現を用いたのか疑問に感じますね。そもそも「耐水」と「防水」では定義的にも違うものであり、機械自体の設計も同じものではありません。",太郎山田1か月前
"ワイが思ったこと
耐水→今使ってるiPhone 6sで雨の中114514810931回突撃したけど無傷でした

デュアルカメラ→スマホでよく写真撮る人しか需要ないよね…

Felica→これは有能。もっと早く欲しかった。手帳型ケースなんか必要ねぇんだよ！(暴論)

イヤホンジャック廃止→唐澤貴洋より無能。充電しながら音楽聴けないし、すぐ断線しそう。AirPodsもすぐなくしそう。もう許せるぞオイ！絶対ジョブズ天国でブチ切れてる

イヤホンジャック廃止に伴って、サードパーティ製のイヤホン+Lightningコネクタが一緒になったやつが発売されそう。でももしiPhone 7につけたらPlusと同じ大きさになりそう。ティムクックほんとひで",チノとレムは俺の嫁1か月前（編集済み）
#NAME?,_me-ta-_1か月前
淫夢民がこんな所にも...,矛盾1か月前
結局iPhone7の生活に欠かせなくなる機能ってなんだったの？,majyuna21か月前
おサイフケータイはJRだから日本限定じゃねwwwww,株式会社拓海キログラムグラムリットルセンチメートル/元ゆっくりの人1か月前
名古屋はmanacaなんだよ…,Kアラタ1か月前
iPhone 7は、ICOCAが使えないようですので、買いません。,norito1か月前
+パンダマンひろし 中国地方でも必須ですぞ(´・ω・｀),ーセッキ1か月前
使おうと思ったら使えるらしいよ,nakajinLOVE1か月前
"iPhone6使ってますが、たまーにAndroidがいいなぁと思うことがあります^^;
けど、1度iPhoneに慣れてしまうとAndroidが使いづらい…
機能あれこれは置いといて、本体・画面のデザインは好みなのでやっぱりiPhoneから離れられない…！",greeeenjp1か月前
"Androidが最初だと、iosが使いづらくてならん。特にキーボード。
Androidが使いづらいってバージョン低いヤツのことじゃない？Android6.0めっちゃ使いやすいし快適",回転汗1か月前
"それわかるーりんごでなれてるから泥使いにくい( '-'  )
まあ、パズドラのためだけに買おうかなっておもってるけどw",えりあ瑠愛&1か月前
光沢のある黒ということは4、4sの黒の背面と同じような感じになるのかな？,ZikiruKaburagi1か月前
"そのはずです。
でも素材は違うと思います。",SUN1か月前
+SUN .I なるほどです,ZikiruKaburagi1か月前
"AndroidとAppleどっちがいいって比べる人居るけど、俺的にそれぞれ魅力があってAppleは革命的なもの今まで無かったものを取り入れたり開発する。キーボードを無くしたりタッチパネルを付けたりしてガラパゴス携帯からスマートな携帯になった。Appleの魅力は革命
Apple信者はこの革命にロマンを感じる

Androidは商売が上手い。既に存在してるものを真似て使い易くして売るのがなんせ上手い。マーケティング能力が高い。でも革命的なものは見た事がない。防水？それは誰もが考える事だしハードの開発は違う会社",chlo昼<U+3E63>昼<U+3E63>1か月前
ryoh kd くそわろた,kuSuner3週間前
でもどの新機能もとっくにアンドロイドでは搭載されてるものばっかりなんだよなあ,YuU1か月前
#NAME?,D昼<U+3E63>昼<U+3E63>kusaidom昼<U+3E63>昼<U+3E63>n1か月前
#NAME?,gakikaishaken1か月前
ジョブズが亡くなってからiPhoneの進化が無くなってきてる気がする,SUZUKIKEIGO1か月前
鷲尾ちゃんこん茶～　(*^。^*)ノ♪,さかたたける1か月前
今iPhone6使ってるけど、どうしようかな・,hoKa1か月前
+ひろ あぁ・、8という噂がありますね。順当に行ったら7sかなぁと思いましたが、8もありえますね(^^;;,LOSER1か月前
2年契約があるから7s、8あたりまで待たないとw,株式会社拓海キログラムグラムリットルセンチメートル/元ゆっくりの人1か月前
"iPhoneが画面割れやすかったり、キズ付きやすいのは修理費で儲かるためなのかな？
自分はandroidユーザーだから実際使ったことないんだけど、友達とかの見てても割れてる人多いし、普通に考えたら技術力のない中国メーカー製品みたいにも思えてくる。Appleをけなしてるわけではないけど、最近のAppleはユーザーに要求することが多い気がする。世界ではそんなに使われてない理由もわかる気がする。",ねこ1か月前
androidは体育館のランニングコースから落っこちても割れなかったぞ,かずや1か月前
"+Takumi Abe 
マスオさんのuuum握手会のときとかもポケットにアクセサリーと一緒に入れてただけで割れてたので、使い方もあるとは思いますが、もう少し強度あってもいいんではないかと思いました。",ねこ1か月前
"買うわけないだろ
ゴミiPhone",soyjoy1か月前
たしかにIphoneはゴミだがここで言うなよ,jikkjs1か月前
ジャックを廃止したiPhoneは終わったな,potechi25251か月前（編集済み）
簡単に言うと、ブルーとタイプしたら、一番前にブルーツースと出てきたので、そのまま入力したという事ですね。,kouki320i1か月前
付属のワイヤレスなんて買う気はさらさらさらないが,出血熱エボラ1か月前
みんなは買う？買わない？,昼<U+3E63>昼<U+3E63>anna昼<U+3E63>昼<U+3E63>1か月前
#NAME?,X怪盗1か月前
+X 怪盗 ？,KUROnene291か月前
iphoneドンドンしょぼくなるなw,L昼<U+3E63>昼<U+3E63>onardDupraz1か月前
#NAME?,KISSHIEDM1か月前
"いや、今回のはぶっ飛んだ改革だと思うよ
イヤホンジャックが無くなったはありえんけどな",うどんの全て1か月前
"自分androidでiPhone7を買おうと思っています。
みなさんはiPhone買いますか？",豊田颯1か月前
#NAME?,。Today'sHIKAKINSpoints測定士1か月前
↑訂正ありがとう,roxkhasimear1か月前
Air Pods使って音楽聴こうとして、たまたま隣の人のやつとリンクして流れたりするんですかね？,GXGames1か月前
それはヤバいw,GXGames1か月前
#NAME?,KUROnene291か月前
カメラとスピーカー以外は前のままでよかった,酸度リオン1か月前
#NAME?,株式会社拓海キログラムグラムリットルセンチメートル/元ゆっくりの人1か月前
俺はなにをみてこのコメントしたんだ。。。。wwwwwwwwwwwww,KUROnene291か月前
algum BR aqui ?,WesleyDaniel1か月前
Aeeeeeee,KUROnene291か月前
ジェットブラックって5cと一緒じゃない？,daish1か月前
5cって販売終了したの？,narukami7931か月前
"+回転汗 「簡単に言うと」って…
正確にはポリカーボネートだったと思いますよ。
５ｃのあの色味とつややかな感じ好きだったんですけど続編はありませんでしたね。
残念です…",HIROZoo1か月前
ジョブズがいたらなんて言うだろう...,J.P.ポルナレフ1か月前
"それでいいって思ってるだろうね
なぜならな亡くなる前に、もしジョブズだったらを考えずに自分たちのやり方でやっていけと、ジョブズ本人が言ったのだからね",gakikaishaken1か月前
"+Gloria5871 ジョブズの意思は「自分のことは気にせずに頑張ってくれ」ですよ
意思は引き継がれてるのでは？",桃源郷_ANNI1か月前
皆さん的には7s、8まで待った方が良さそうですか？もうこれ買っても良さそうですか？,ねぎしお1か月前
多分一生待つと思うよww,死神新人1か月前
買おう笑笑,するめいか1か月前
iPhone5sはもう時代遅れですかね…………？,スギチャンネル1か月前
iPhone5s使ってるけど、流石にケースの種類がめっちゃ少ないよね。,のま1か月前
5cはダメだ,モンストわっしょい1か月前
そもそもアイポン買うやついんの？,ジャバウォック1か月前
#NAME?,部帰宅1か月前
アイポン通じないやつがこんなにいるとは思わなかった,jikkjs1か月前
"防水機能そこまでいらんやろ
イヤホンのほうが大切

防水機能欲しいっていう人の使い方知りたい",MoMoTaMaI1か月前
ニモみたいな生活送ってんじゃね？,StappyMak1か月前
"+回転汗 Android勢です…ｳｳｯ(´；ω；`)
確かに動画みてると動作重くなって端末があつくなります",あきさん1か月前
絶対に水につけるやつとかでてくるだろうな,ねふとん1か月前
出ましたね(ますお,stapsun1か月前
オタクちゃんにしか見えへん,kora1か月前
ほんまためになったありがとう！,kora1か月前
イヤホンジャックをなくしたのは、ちょっと。,近藤武1か月前
時代ですよ,roxkhasimear1か月前
現時点でBluetooth使ってるからあんまり気にならない,LauraBodewig-kaz71か月前
iPhone7 お風呂とか使えないみたいです 雨ぐらいなら耐えられます。,STaka1か月前
"+太郎山田 
多分。。。温度高いのダメ系じゃない？",Kidflash1か月前
風呂に入ってまで携帯使う意味がわからん,TNUK1か月前
"一時期はマイナーチェンジと言われてましたけどずいぶんパワーアップしましたね。
特にカメラがすごいですね。
F1.8の光学式手ぶれ補正。
しかもプラスは二つのレンズ。
二つつけるじゃなくてそれを活用した機能も追加される…。
しかしイヤホンジャックが無いのだけが引っかかる…。
楽器アプリにしても音楽ゲームにしても遅延があるので私としては一長一短ありますね。",夏癒音1か月前
"そういえば宮本さん出てきましたね！
さすがに驚きました。",夏癒音1か月前
遅延を気にする状況に備えての変換アダプタなんじゃないですか？,気まぐれともやん1か月前
はい！はい！はい！リアルタイムみたよー・・・・・・・・・・,山本奈央1か月前
"瀬戸さん・凄くためになりめした・
iPhone7耐水って・・なんて、中途半端なことしたんでしょう・防水って思ってたのに悲しい…

でも、買いますけど・",山本奈央1か月前
#NAME?,ペニー3兄弟1か月前
ジェット大介ってなに？,ラム1か月前
ゆーちゅーばー,ひがよし1か月前
YouTuberで日本で初めてレビュー動画を出したって聞いたような気がする。後、uuumに入ってる。,黄熊之太郎/チャンネル1か月前
"んんんん・ 、iPhoneに防水機能がつくのはいつになるのか……(e_e)
正直iPhoneの薄さで今以上に軽くなられても、使いづらいだけな気がするなあ
iPhone6の時点で持ってる感覚がなさすぎてスルスル手から落ちてしまうのに…",あやの1か月前
"+浅野巌
なるほど",KUROnene291か月前
+気まぐれともやん  そうなんですね…！ありがとうございます！,あやの1か月前
"えーと……誰も触れてないけどTシャツは仮面ライダーカブトですか？
いやすっごい自信ないんですけどw",ラブニャイバー1か月前
"+鈴木大地 
あら！ほんとだw
調べたらカブトとよく似てましたね・w
でもやはり仮面ライダーでしたな(・・・・・・・・",ラブニャイバー1か月前
どう見てもストロンガーww,株式会社拓海キログラムグラムリットルセンチメートル/元ゆっくりの人1か月前
"ICOCAとかは
iPhoneと仕事をする議題にも上がってないんだってね。

下手したらSuicaだけか。",xxtanxx12181か月前
だとしたらゴミだな,pggb1か月前
ジェットブラックはgalaxy s7の対抗馬なのかな？,liketrainI1か月前
iPhone4sファンを取り戻したいんやろ,株式会社拓海キログラムグラムリットルセンチメートル/元ゆっくりの人1か月前
みんなiPhone7買う？,てぃんてぃん1か月前
来年の10周年モデル買う,KUROnene291か月前
俺は今セックスじゃなくてシックスだけど次はSEXじゃなくてSEにする。,ゲーニッツ様1か月前
ただただ気持ち悪い,二福旧多1か月前
俺は真顔で動画見てたけど笑ったぞw いいぞもっとやれ,むんむんおさ1か月前
"beatsはワイヤレスが増えるだろうな～。
だってAppleの傘下会社だからな～",加藤翔1か月前
"ワイヤレスあるからね
俺も持ってるし
音はいいけど
やっぱBluetoothだから
音と映像が流れずれる",KUROnene291か月前
iPhoneとギャラクシーとXperiaどれがオススメですか？,高野隆正1か月前
iPhone7、iPhone7plus、買う人いますか?!,OchiaiRheniefel1か月前
あ、6でおなしゃす,AKIHIRO1か月前
"9月11日にドコモショップ行ってiPhone7のジェットブラックを予約したのですが、100台以上は売れてて、発売日当日にお渡しするのは約束できないと言われたのと、今月中に手に入れば良いみたいな事言われました...
場所によって違うと思いますけど...(´；ω；｀)",c4n_1か月前
ギャラクシーs7edgeとiPhone7だとどっちが良いんだろう。もうすぐ機種変しないといけないから早く決めないと。,littlestar1か月前
もうs7edge買った,littlestar1か月前
YouTuberだったら熱海に行った時のビデオぐらい撮れｗ,amaterasu481か月前
休み中になんで仕事しなきゃいけないんだよwwwwww,68790123451か月前
ツイッターぐらいにはあげれたはず,Vispa1か月前
イヤホンジャックが無くなるのが難点で購入するの迷ってる...・,ONAIR夏目桃名1か月前
"そもそもこの時代に　""ヒモつけて携帯で音楽""　なんて、前時代発想。　appleはそれを示しただけ。
ハイレゾだから有線　っていう音オタ(ガチ勢)は、間違いなく携帯と音楽プレイヤーは別に持つし、
なんちゃって音オタが騒いでるだけ。

音にこだわるなら、
Bluetoothの規格自体がハイレゾの情報量が飛ばせる時代を待つか、
専用の音楽プレイヤーを買えば？

ライトユーザーなら、Bluetoothでも割と良い音質が出せる
BoseのSoundLink around-ear wireless headphones IIとか使えばいい。",roxkhasimear1か月前
#NAME?,BOYcherry1か月前
うなぎぱいも静岡茶もAmazonで買ったんじゃ....w,殺センセー1か月前
冗談ですwおかえりなさい,殺センセー1か月前
確かに……,フライマク1か月前
"Androidでついていた機能をまねただけどスマホなんか時代遅れ。

だからiosは、Androidに機能で負けてるんだよ。

日本製品ののスマホのAndroidを使うのが一番健全。",Cチャンク1か月前
"+C チャンク 
あなたの言っている日本製のAndroidよりも世界進出してるAppleの方が俺は安心できるね。
まあ日本製のAndroid使って安心してれば？w
俺はスマホ買うとき安心するとかしないとか気にしたことないけどww
電話会社に置いてあるスマホはだいたい有名な会社が出してるからねw
あと君は相当Apple信者を軽蔑してるけど、俺から見ればあなたも相当なAndroid信者だよw",Kidflash1か月前
"+Kid flash 
どっちも持ってるってのが最強だからこんな討論無意味だゾ",いもいも1か月前
スーパーコンピューター・,たばこ太郎1か月前
アパラチア山脈,ちもつん。1か月前
イッツァショータイム！,株式会社拓海キログラムグラムリットルセンチメートル/元ゆっくりの人1か月前
"高校受かれば買ってもらえます！
応援してください！",リョート1か月前
#NAME?,spickle1か月前
物を目当てにしてるようじゃ落ちるよ。,修造松岡1か月前
"iPhone 7マジクソだな。w
普通のイアホン刺せないとか笑わせんな。なんでもかんでもApple で揃えさせようとするのは、本当に気にくわない。ジョブスが生きていれば、こんなクソ会社にはなんなかっただろうに。
結局IPhone 5sがピークだった。あとは落ちる一方w",YutoTakeo1か月前
"+Hayato Sato iPhoneシリーズで一番売れたのはiPhone6
それでも5sを一番というならば君の中でのピークってだけで、ピークはiPhone6だったっていうのは事実
ま、これから7になる可能性もあるけどね",gakikaishaken1か月前（編集済み）
"+Hayato Sato まぁ人が何をかっこいいって思うかはそれぞれだろ。
お前が勝手にAppleの黒歴史とか決めてドヤってんじゃねーよ、きもちわりぃ。",ryohkd1か月前
要するに、日本人はappleのカモってことでしょｗ,SyokuZen1か月前
"逆に言えば、日本国内で使うだけなら、アップルにしといて損はない。
ある意味、ガラパゴス化してるけど。",SyokuZen1か月前
"もうiPhone終わりだな
写真のデータは惜しいけどXperiaデビューしようかな",tooma1か月前
クソペリアだけはやめておいてください。,会津新撰組局長斉藤一1か月前
"誤解されているようなので言っておきますと新型iPhoneはIP67に対応しているので、条件を満たせば水中でも使えますよ。

補足するとIP67とは防水、防塵性能を表すIEC（国際電気標準会議）が定める規格のことで「6」のところが防塵性能を「7」のところが
防水性能を表しているんですが、防水性能が7というのは一定水深（15~100cm）で一定時間（30分）耐えられるという規格です。",ramuremu1か月前
"私も同意見です
薄さはもういいからイヤフォンジャック残しておいてほしかった・・・",ramuremu1か月前
"+ramu remu 
で、ですよねwwww
カメラも出っ張ってるし",しましまこのチャンネルは停止1か月前
私iPhone6sだけどこのままで良さそうだね。充電しながらイヤホン無理とかマジ使えない,まろいかmaroika1か月前
#NAME?,トリマーNo.11か月前
"+No.1トリマー 
それなんですよね・......",Kidflash1か月前
ワイヤレスって正直使えねー,ｻﾞｻﾞ1か月前
君が持ってないからかな？,gakikaishaken1か月前
Bluetooth使ったことあんの？,S.ABE1か月前
今月でちょうどiPhone6の契約終わるから買えるーーーーー！,おさかなチンパンジー1か月前
#NAME?,nghy1か月前
"+おさかなチンパンジー 
んー、出来れば最新を買っといたほうがいい気がするけど.....",Kidflash1か月前
androidユーザーだけどイヤホンジャック無いとか俺にとって無理だね,凛ちゃんまじえんじぇー1か月前
"+凛ちゃんまじえんじぇー 
その周辺機器みたいなの出るみたいですねww
充電しながら聴けるってやつ

まぁ俺はもうBluetoothになれたんで俺は困らないです",KUROnene291か月前
#NAME?,凛ちゃんまじえんじぇー1か月前
エアーポッツって別売？それとも一緒なのか？,斎藤桐生1か月前
"別売り
イヤホンジャックが一番嫌",tamu12261か月前
"別売りしてはめっちゃ高いな
それか",斎藤桐生1か月前
"なんで帽子被ってんの？
はげてんのか？wwwww",クリスチャン1か月前
あと同じねたとかつまらないですよ,クリスチャン1か月前
あ、はい,ダニL1か月前
ユーチューバーって買いたくないものも買わなきゃいけないのか？,おとこ3代目きたな1か月前
"+山田太郎 
ひでーなw",しましまこのチャンネルは停止1か月前
"普通のイヤホンが売れなくなる？
android馬鹿にしてんのか？
iPhoneの何がいいのか
俺には分からねぇ",太郎1か月前
"iPhoneを薄くするためにイヤホンジャックはクビになりました。
iPhoneは全国向けの高級ブランドのため、狭い市場のAndroidとは違い、日本のみの機能を付けるのを躊躇っていました。
ですが、今回は日本の売れが良いため、おサイフケータイが付きました。
今までiPhoneに防水が付かなかったのは必要無いからでしょうw",株式会社拓海キログラムグラムリットルセンチメートル/元ゆっくりの人1か月前
"+株式会社拓海キログラムグラムリットルセンチメートル/元ゆっくりの人 うおっ訂正
全国向けの×
全世界向けの○",株式会社拓海キログラムグラムリットルセンチメートル/元ゆっくりの人1か月前
"Galaxyはハイスペックなんだけど韓国製だからなにか情報とか抜き取られそう、あとなにか欠陥がありそう。
arrowsとかは何もかも中途半端って感じで良くも悪くもなく使ってても面白くない。
iPhoneは、、、うん、買いたくはない。
AQUOSも中途半端って印象かな、なにか突出したものが見つからない。


だから私は



Nexus5X",ブラッキー1か月前
機械は大体中国、韓国製だって中学生の時に習わなかったの？？,株式会社拓海キログラムグラムリットルセンチメートル/元ゆっくりの人1か月前
"+株式会社拓海キログラムグラムリットルセンチメートル/元ゆっくりの人 
情報漏洩はソフト側が問題であって機械は関係ありませんよ。
",Naki1か月前
"充電するとこにイヤホンさせるって聞いたんですけど、そんなことできるんですか？
嘘ですよね？w",メローイエローん1か月前
"+c4n_ まじすか！？
確かに充電しながら音楽聴けないのは残念ですね…
6からすごく進化した感じがしますw",メローイエローん1か月前
"+まよねーず 
もし仮にiPhone7を買うならもしかしたら7plusのほーがいいかもしれませんね(大きいけど)
7にはない機能などありますし、写真を綺麗に撮りたい！って思う人はplusがおすすめです！
ちなみに自分はカメラは他にあるのと、少し安いからという事でiPhone7のジェットブラックの256GBを予約しました！",c4n_1か月前
"F値の値が小さいと暗い所で明るく撮れる…って素人か。
瀬戸さん何年カメラやってんだよ。
開放F値変わってもプログラム露出は変わりませんよ。",TOn1か月前
"それは単なる揚げ足取りなような。暗い場所でノイズが少なくなったりシャッタースピードが上がったりすることを、説明するのが面倒くさいから「明るく撮れる」と言ってるだけでしょう。露出補正で実際に明るくすることもできるし。
「明るいレンズだから、明るく撮れる」と勘違いするのは、その言葉を聞いたばかりの本当の初心者の初心者であって、瀬戸さんとは何の関係もないでしょう。",kawauso2301か月前
あ、ごめんなさい。返信じゃなくて普通にコメしちゃった。そっち確認してください。,TOn1か月前
IPhone7自体にはイヤホンは付属してくるのですか？,コングアジャ1か月前
"ついてきませんよ

EarPods with Lightning Connectorのみの同梱です",SanzyouKimuti1か月前
Lightning - 3.5 mmヘッドフォンジャックアダプタがついてくるのでいつも使っているイヤホンも使用可能です。,SanzyouKimuti1か月前
"ギガ数ぱない！
256ギガなんて、使う人おると？",渋谷大翔1か月前
"仕事とかでガッツリ使う人は嬉しいんじゃ無い？
あと、音楽いっぱい買ってる人とか？",殿下アルスラーン1か月前
mhp2g for iosをやる人とか,回転汗1か月前
私はギャラクシーs7派だなー,たん牛1か月前
galaxy爆発という新機能羨ましいです,KUROnene291か月前
"+KUROnene29 
マジか....note7は大丈夫だよね......",たん牛1か月前
まず、iPhoneには落下耐性つけて欲しい。,金木研1か月前
それ出たら最強やね笑笑,たじらっぷ1か月前
落下耐性ⅴ,AKIHIRO1か月前
アップルウォッチですが、50メートル防水ですと、泳いだりして使えないです。水入りの原因になります。,けいいちチャンネル/kei.ichi.channel1か月前
Applewatch完全防水50メートルの水圧まで耐えれる,SH昼<U+3E63>昼<U+3E63>TAone1か月前
"6か6sがベストかな、、、、

でも防水ほしい、、、",昼<U+3E63>昼<U+3E63>昼<U+3E63>昼<U+3E63>昼<U+3E63>昼<U+3E63>昼<U+3E63>昼<U+3E63>1か月前
#NAME?,神猶盛矢1か月前
#NAME?,死神新人1か月前
たぶん7sで防水になってイアホンジャックも復活すると思うよ,舐川ミツアキ1か月前
"動画みました？
防水と耐水では意味が違うんですよ",Naki1か月前
エアーポッツ高すぎないらんことばっかりしやがって,1104sota1か月前
左右独立型ワイヤレスイヤホンではとても安いほうだよ,佐藤太郎1か月前
#NAME?,1104sota1か月前
"瀬戸さんの動画は本当
画質が綺麗だね・
汚い画質に汚いネタ動画
投稿してます・
良かったら見てねw",りょうちゃんねる。1か月前
売名で人気にはなれない,じゃがりこ1か月前
+プリッツ …けど頑張る！,りょうちゃんねる。1か月前
俺の友達未だにiPhone4www,かんなざわ1か月前
"+ZELDA poppoko 
その人次第だよw
その人は流行りとかより回線速度
カメラの解像度
ゲームの解像度で流行りは違うと思うぜw",チャンネルTyoット1か月前
#NAME?,マイティの神/昼<U+3E63>昼<U+3E63>昼<U+3E63>昼<U+3E63>昼<U+3E63>昼<U+3E63>昼<U+3E63>昼<U+3E63>昼<U+3E63>昼<U+3E63>1か月前
iPhone7買うならGALAXYs7の方が絶対おすすめ。,Kumachi1か月前
"少なくてもいい物はいい者だよ。
性能調べてみては？
外国ではiPhoneよりGALAXYの方が圧倒的に多いですよ。
まあ、ここは日本ですが。",Kumachi1か月前（編集済み）
"私のiPhone４は２０１１年５月に購入し、
曲を聞きたかったためお風呂持ち入ったら、事故で浴槽に入れてしまったり、
雪の中に３時間ぐらい放置しちゃったり（車でひざ上においてたのを忘れてそのまま出て）、
またお風呂にタオルにくるまれた状態で入れたりしましたが、
年齢による劣化だけで、まだまだ稼働してます笑",fNina1か月前
(ﾟДﾟ)ｽｹﾞｪ,いぬくん1か月前
"私もびっくりしてます笑
浴槽に落とした直後は音楽を流しても、出る音がおかしくなるのですが、何日か経つと、普通に元に戻りました＾＾
ホームボタンも壊れてしまってますが、アクセシビリティボタンが画面に出せますので、問題なしです。
ただインターネットは回線が遅いし、充電器は５などの型と違うものなので、店舗で探すのに苦労します＾＾；",fNina1か月前
7を買うかgalaxyを買うかどっちが良いと思いますか？,猿猿1か月前
#NAME?,猿猿1か月前
スペック的には互角だろう。しかし何故あなたがgalaxyとiphoneの2択に絞っているのか分からない。ファーウェイのスマフォはgalaxys7と同じスペックで価格は半額だ。スペックとコストパフォーマンスを重視するなら、ファーウェイも考慮してみてはいかがだろう。,冴羽瞭1か月前
"なんでこんな薄汚い黄色い猿が
アップルの新製品を上目線で批評できるんだよ",空丈丈太郎1か月前
ユーザーだから。,Kidflash1か月前
#NAME?,Jack1か月前
今日の動画も一回もクスリともしなかった。,工藤新一1か月前
"+ともチャンネル 
本当の面白さってなに？
瀬戸のこと面白いって言ってもらえなかったからやつあたりしてるだけだろ？",長田にマイケル1か月前
"+ともチャンネル 人それぞれだろ。
自分はわかってますよ・みたいな言い方するな。気持ち悪い。",Noir1か月前
"イヤホンだるいなぁ…(；´Д`A
そんな事する位なら耐水はいらないなぁ…",暇田暇喜1か月前
Appleは革新的でない人は置いていくからね,意識高い系速報1か月前
#NAME?,暇田暇喜1か月前
正直、売れない気がするな・。今使ってるiPhoneの画面が割れてるとか、壊れてるとかじゃない人はわざわざ買い替える必要ないと思う。まあとりあえずイヤホンジャックないのはゴミ。,ドラえもん5%の確率で性器を露出する1か月前
画面割れてないけど買い換える（持ってたら自慢できるから笑,するめいか1か月前
"+ook rio
充電してしながらイヤホンを使える変換アダプタでそう。。。",Kidflash1か月前
なんでAppleは毎回薄さをもとめるんだろうか。薄くなるにつれてどんどん扱いずらいんだがww,たまちゃん1か月前
画面割れやすいですしね・,あからぶ1か月前
耐水より耐久が先だよなw,Kidflash1か月前
"動画名  ""iPhone 7/7 Plus 発表まとめ！さあどうする！？買う？買わない？""
右上  ""iPhone7を予約する瀬戸弘司""
次の動画  ""瀬戸弘司、iPhone 7 Plusをものすごいスピードで予約する。""

あっ...(察し",ちゃんねる小ねぎ1か月前
瀬戸さん(´・ω・`),ちゃんねる小ねぎ1か月前
フランちゃん///,チノちゃん///1か月前
"『イヤホンジャックの考察』
イヤホンジャックがなくなったのはなるべく耐水になるように（？）するためなんじゃない？",空輝結城1か月前
Xperiaはイヤホンジャックあるけど防水だからそれはないかも,はせとも1か月前
"感圧ホームボタンを搭載するためかな
ま、その感圧ホームボタンを搭載するきっかけは耐水にするためだろうから結局は耐水を求めた結果なんだろうけど",gakikaishaken1か月前
来年。iphone8が出るって噂あるけど本当なのかな,すぷらいと1か月前
"たしか来年がiPhone10周年？だったはずなのでもしかしたら7sではなく8になるかもしれませんね！
詳しくはないのでそこの所はご理解ください(´；ω；｀)",c4n_1か月前
12月にスマホ変えるんですけどiPhone7か6どっちがいいですかね？,怪盗キッド1か月前
"6か6ｓでいいと思う。 自分は6使ってるけど、6Ｓの3Dタッチはいらないとおもう。
7は電子マネー使えるけど、充電切れたら使えないかもしれないし、イヤホンジャックなくなったから充電しながら音楽聞けないからちょっと…",Noir1か月前
iPhone7のジェットブラック欲しいけど128GBからしかないからどうしようか悩んでる,腰痛まん1か月前
それ、plusだけじゃなかったっけ、違ったらすいません,白くまスタジオ1か月前
ほかのiPhoneでもスイカできるようになるの？,hooさん1か月前
無理やで、7からって動画で言うてた。,詳細1か月前
皆んなが持ってない物が良いとか言って、じゃあiPhoneにするなって感じ。,tmktmk1か月前
"ホントそれ
馬鹿なapple信者だ",回転汗1か月前
#NAME?,ころずしGun25701か月前
"iPhoneの発表 = 瀬戸さんの動画

つまりいつも楽しみにしてます",aichim1か月前
"個人的に 64GB がなくなったことも
補足でつけてほしかったです ！",aichim1か月前
Appleはくそ。とくにmac,金正日1か月前
"まじそれ。
macひどいよな",回転汗1か月前
スペック悪いのにあの値段だもんななんだあれ？おもちゃか？,金正日1か月前
iPhone7の紹介vtrではプールで泳いでましたよ,美魔人1か月前
#NAME?,修造松岡1か月前
熱いなwwwwwww,美魔人1か月前
"ワイヤレスイヤホン 別売り
のやつはiPhone6sでも使えますか？",山口晃汰1か月前
"+ook rio 
ありがとうございます！
これは、買いますね！",山口晃汰1か月前
"細かく言うと
iPadでは・・・
iPad mini 2
iPad Air
iPad Air 2
iPad mini 3
iPad mini 4
iPad Pro 9.7インチ
iPad Pro 12.9インチ

Apple Watchでは・・・
38mmケース
42mmケース

iPodではiPod Touch第6世代
に互換性がありますよ

URL:http://www.apple.com/jp/shop/product/MMEF2J/A/airpods",ookrio1か月前
"iPhone7ねぇ…
買う気にならねぇ…
イヤホンジャックなくなるとかゴミ、ホームボタン押せなくなるとかゴミ。
天国でジョブズがきれてるよ。",BAM1か月前
でも日本での予約数は過去最高みたいです。,冴羽瞭1か月前
フェリカは電池切れで駅出れないとかありそう。定期として使うのは危険すぎてあり得ない。,MasahiroNaganuma1か月前
FeliCaは本体起動できない電池残量でも完全放電してなければ使える,ampdg1か月前
"今のスマホで電池切れなんてあります？
昔のAndroid端末はバッテリー交換を前提の設計でしたけど、
これだけの省エネ化と大容量バッテリーなら、1日や2日の無充電なら十分にバッテリー残量に余裕があると思いますけど。",気まぐれともやん1か月前
予告の孫悟空うざいと思ったひと・,Fujimotoブログ1か月前
考えたらわかるならなんで共有求めてるの？自分の中に閉まっときゃいいだろ,神威ありす1か月前
"共有なんて求めてねーし
お前みたいな糞に言われたくねーよ乙",Fujimotoブログ1か月前
"ジェットブラックの光沢ってさ

4sのブラックと同じような光沢なのかな",RyoRzpl1か月前
使っている素材は違いますが、光沢具合は似てるかもですね,Azあず1か月前
この人気持ち悪い,ピーナッツ1か月前
そのコメントを見て不快に思う方もいますので、コメントを書くのではなく心の中で抑えましょう。,百鬼夜行1か月前
"やっぱり瀬戸さんは、こういう説明が上手やなー。
 F値の事知ってたけど、それは前に瀬戸さんが動画で説明してたからなんだよね。
 
 本当いつも勉強になります！",jazumaru1か月前
"そこまでだろ
ジェットダイスケが一番",回転汗1か月前
普通に考えて瀬戸弘司＞＞＞＞＞＞＞＞＞＞＞ジェットダイスケwww,涼風青葉1か月前
15:44 瀬戸弘司の結論が、瀬戸弘司の結婚に見えたのって俺だけ？,GURAKOgames1か月前
俺も,まんろけっと1か月前
瀬戸さん、今回裏ルートないかなw,風間Jun1か月前
黒いauかw,ジョニー木下1か月前
今日iPhone7のジェットブラック予約してきました。,快速くびき野4号1か月前
"(ﾉ･・∀・･)ﾉおぉ♪
予約しないとできないの？",するめいか1か月前
"耐水という表記に深読みしなくていいでしょ。
結局はその辺の防水スマホと同程度の物だし、他の携帯でも水没は基本保証外。
スマホの言う防水はだいたい生活防水だから。",グレ坊主1か月前（編集済み）
"知ったか乙。
その辺のスマホは完全防水で、水没を考えて作られてる",回転汗1か月前
なんか、、、Xperiaに何一つ勝ててないような、、、,藤兼丞郁3週間前
花らな早そ」ナーフムはそやあや,なはあるそふなほこあへ1か月前
な,なはあるそふなほこあへ1か月前
ホームボタンは７も別パーツでっせｗ,市野かず2週間前
"ワイヤレスイヤホンは買う！
長い有線イヤホンなんてダサすぎ",bdgar5日前
7買うんですか？！買ったら紹介お願います！！,soukiチャンネル1か月前
よろしく！！,soukiチャンネル1か月前
"アイフォンは両面ガラスが良かった・
あの重みが今のスマホにも欲しい・",徳永賢1か月前
アイフォン4時代ぐらいが一番やった！,徳永賢1か月前
"三月で6plusが2年なので7にしますー
Plusはでかすぎてむりです",焼きそばパン1か月前
SEサイズでて欲しいな・・,焼きそばパン1か月前
英語だとwater proofって書いてあるよー！,NSeaweed1か月前
それとみんなジェットブラック買うと思うから人と違うのが欲しいんだったらシルバーとか買えば？,NSeaweed1か月前
充電しながら音楽聞けないって聞きました。,HirokazuKobayashi3週間前
すこしなら水にドボンしても大丈夫,関上美紀3週間前
Suicaとか今までのiPhone使って手帳ケースで補える笑,1DKAIRI3週間前
そんなに薄くしたい？,r1851か月前
Apple「薄いほうがいいんじゃよボケェ！」...そんな薄さ気にしないんだけどね...,ookrio1か月前
"目次入れると力入ってるなwww
さすがiPhoneの発表。",トオル1か月前
ジェットブラックってプレステかよw,トオル1か月前
"1,000,000再生おめでとう・",涼風青葉1か月前
7plusの望遠レンズのために....予約しようかな....,小島1か月前
あなたは英語で字幕を入れることができますか？私はイタリア人だと私は何も理解していませんあなたは英語で字幕を入れることができますか？私はイタリア人だと私は何も理解していません,StreetSharks4週間前
"よく考えたら、タイステみたいに電子マネー対応したゲーセン行くのにもiPhone7だけで遊べるってことだろ？
画期的すぎんよ。",風神4週間前
"AndroidとかiPhoneを真似しただけでしょ　Androidの方がすごいとかiPhoneあってこそのAndroid。

ジョブズがiPhone発明しなかったら Androidなんてないから",Appleさん4週間前
手をあげさて（挙手）手をあげる（暴力）だったら100点だった,三ツ矢最田1か月前（編集済み）
スペースグレーは無くなってよかった,tsuzusaka1か月前
瀬戸さんの動画見ておけば友達とかとこういう話になっても「いや、ジェットブラックは傷つきやすいらしいよ」とか「防水じゃないよ！」とかいろいろアドバイスできて助かる,かばばかば1か月前
まだiPhone７こないのですか？？,「お侍.com」ラジオネーム1か月前
"静岡茶は駅で買えるし自販機で普通に売ってる。
はい嘘乙",glorymorning1か月前
iPhoneトイレに落として汚いから水でバシャバシャ洗っても壊れなかった。ちなみに5c,まこと1か月前
"無線イヤホンの個人的に魅力なのは収納する箱がコンパクトで可愛いところかな
買う予定",うどんの全て1か月前
8:42あたりのLightning-3.5mmじゃなくて3.5cmじゃないんですか？,Bokukun811か月前
ぐんっ,chinDOPENESS1か月前
7プラスの　エフェクトは　一眼レフでいう　単焦点レンズ効果みたいなものかなーと想像しています,【関雄一郎】sekikin4週間前
iPhone7買ったらワイヤレスイヤホン付いてくるよね？,ゆーこぶ1か月前
そりゃ前のiPhoneには付いてたんだからとうぜ...あれ？,ころずしGun25701か月前
ついてこない,KUROnene291か月前
予約2日目に予約したiPhone7ブラックやっと入荷の連絡がキターーー！,s15ev91か月前
"すぐこいつは新しいものに飛びついて、、、
バカだな！
どうせヒカキンも買うだろうな。バカだから。
8、9だの出てもどうせ買うんだろ？",高坂穂乃果1か月前
瀬戸弘司はガジェット系配信者だから,太郎山田1か月前
iPhone のブランド化が進む、持っている持っていないで大きく差別化が生まれる。雑談の中でゲームの話題みたく瀬戸浩二の動画みた、ユーチューブ動画を楽しく全体の再生回数を引っ張ってくれる神様みたいな存在。利益主義だけでユーチューブに入ってきた人は軈て飽きられ消えていく運命。※全面応援,okuto7771か月前
ストロンガーのTシャツだww,将輝MASAKI1か月前
"ここでiPhone7をディスってる人は勿論買わないんだよな？
(＾ω＾)買わないよな？
(＾ω＾)まさかな？",まつぱんだ1か月前
結局youtube投稿してなかったのはなんだったの？,神威ありす1か月前
景気のために　おまえらは　買え　　借金してもかえ　　おれたちは　儲かるからな～,NatuMikan1か月前
7プラスほしい・カメラ,fuchan7161か月前
"あれ？
服。仮面ライダーストロンガー？",MASKEDRIDERHACKER-マイクラ1か月前
瀬戸さん分かりやすすぎる,横山なうしか1か月前
なぜ？こいつに需要があるんだ…,2工藤1か月前
"あれ？低評価多いな(；・∀・)　　なに？ほんとに...


え？　　まさかApple Watchスルー？が原因？(；・∀・)　　え？マリオ？...嫌いなん？　　あ、NXはアップル製品対応するっぽいよ。",N_Z_HoKe±0∞1か月前（編集済み）
行ってないでしょ絶対、リア充詐欺とかつまんな。登録解除します,んけ1か月前
"iPhone7sか8を待つべきですかね...？

皆さんの意見を聞かせてください！",ろここるここ1か月前
新しいネタくそ笑ったｗ,SHADEJavaModdings1か月前
ディープエフェクトはハーウェイのオーナー6がもうやってませんでしたっけ,MomoYellow1か月前
Androidで当たり前に使えてる機能がやっとできるようになった感しかないな,mirror141か月前
見てないん,MasakiImai1か月前
"参考になりました！
今5sなのですが、割引特典がすごいので、7 Plus 256GBジェットブラックをマイショップに予約しました(≧▽≦)",もこたん1か月前
ジェットブラックでスイカとか使うと画面割れそう,二階堂太陽1か月前
iPhone 7のブラックってiPod touchがスペースグレイの前の色に似てる？,akamatu01121か月前
もうiphoneダメだわ。,Supreme1か月前
Tシャツがストロンガーになってる…瀬戸さん好きなんですか？,Ceder-Goats1か月前
"iphone7plusとGalaxy s7 edgeを比較すると、互角…ですね…。
CPUでは、iphoneが上です。
ただ、カメラで負けていると思われます。
取れる写真はiphoneの方が多少きれいかもしれません。駄菓子化し（だがしかし）、f値では、Galaxyがf1.7で、iphoneはf1.8と2.8です。ズームでも、iphoneは2倍と10倍。Galaxyは8倍です。さらに、iphoneは写真のぼけをふたつのカメラによって実現させます。それに対し、Galaxyは、デュアルピクセル位相差AFで、高速オートフォーカスとデジタル一眼レフとまでは言えないものの、スマホカメラとは思えない程ぼけます。つまり、3.9世代の端末ながら、iphoneが2つのカメラで実現させる事を1つのカメラで実現させているのです！それでもデュアルカメラには勝てないかな…とも思いました。スマホのイメージセンサーのサイズでは、デュアルピクセルセンサーにしても限界がありますよね…
防水防塵性能についてなんですが、iphoneは、防滴、防浸だと思います。ip67という表記はされていますが、台所で落としたり、トイレに落としたりしても大丈夫。と言った程度だと思われます。Wikipediaによると、「一時的に一定水圧の条件に水没しても内部に浸水することがない」と、表記されています。ただ防塵には対応しているようです。Galaxyは、防水防塵です。ip68なので、継続的に水没しても水が入る事は有りません。推奨されている事かどうかは分かりませんが、水中で撮影も出来なくはないほどです。
まとめると、双方良いところがありますよね…。処理性能を選ぶならiPhone、その他の性能を選ぶならGalaxy。ですね！",nishiun139541か月前
イヤホンジャックなかったらいみなくねiPhone6sでいいわ,グオウキン1か月前
7買うのは情弱やろうなぁ,xpoker1か月前
昔に比べてワクワク感はなくなったけど、やっぱりiPhoneにしちゃうんだよなぁ。映像系と音楽系は最強だし。androidは銀河をサブ端末として欲しいw,破佳田豪1か月前
相変わらずクソトーク,真紅のエメラルド不死鳥1か月前
"Airpodsさえ買えばiPhone6sでも使えますか？
iPhone7だけ対応ですか？
教えて下さい！！",宝谷向日葵1か月前
瀬戸さんほんと面白い・・まじ戻ってきてくれて嬉しいなぁ・・,ゆづきち1か月前
イアホンジャック廃止は完全に瞑想してんだろ,shuntaro-1か月前
"6sよりウンコだな
新調するならAndroid安定ですわ",ryuku1か月前
何mAhなのか知りたい。,小寺雄大1か月前
貧乏だから買えない,天ぱッパ1か月前
日本の事を考えてるならイヤホン対応してくれ,JNYOKYM1か月前
"こんな薄くすることしか能がないクソ林檎なんて買うメリットがないわwwwwww試される信者wwww
Xperia一択",はる1か月前
しゃーねぇ、7買って6と二個持ちするか。,ちゃんはま1か月前
"Appleはいままで色々シンプルにしてきたが、利便性は保持してきた
だが、今回のiPhoneはむしろ面倒くさくなった
こういうのはやめてほしい　利便性を損なわない程度にやってほしい",ikakonbu1か月前
イヤホン、機能性上げようとするならその前にデザインと音質あげろよ,山田太郎1か月前
iPhone6、6plusって、なんだったんだろうな,HayatoSato1か月前
IP67だから防水レベルはなかなか高いと思いますよ。,ELFえるふ1か月前
"GalaxyＳ5active   
って古いですか？
使ってる人いますか？",名も無きブラック仮面1か月前
でもいつかきっとワイヤレスが主流になるんだと思う。せっかくお金貯めて買ったイヤホン使い難くなるのは残念だけども…。,二福旧多1か月前
6S買った後すぐに7が出てしまった…,ずくも1か月前
瀬戸さん初めまして。自分も耐水が気になりよく読んだらIP67とアップルHPに記載ありましたよ。,高橋篤1か月前
イヤホンジャックないから耐水機能ついても嫌やな、、、,pou1か月前
説明上図やなぁー気になるところ全部言ってくれるｗｗ,市岡英豊1か月前
めっちゃ欲しい,はっとりはなこ1か月前
瀬戸、ガチTV出てみないか？,タアイ1か月前
瀬戸弘司 は馬鹿だから買うだろうな,SeiichiSaitoh1か月前
"
下らない動画で金もらう
いつまで続くか",SeiichiSaitoh1か月前
"そんな心配しなくても・
YouTubeがなくならない限り簡単に衰退はしないからさ
ヒカキンあんな批判くらってんのに視聴回数上がってるから余裕っしょ",水颯1か月前
"裸で使用してキズが付いてもカッコイイんだって言うのが、ジョブス生前の考えだったのに。
キズがつくかもしれないからカバー推奨って書いたのが、何か残念でした(^_^;)",haha!dooon1か月前
散々休んでたろあんた,江口翔馬1か月前
少し使いずらそうだと思ったかな,ケンタウロス1か月前
ナナコとパスモって使えるんですか？,マキシマムソルジャー1か月前
これ見る限りオリンピックに向けて進化してるように感じる,海野光輝1か月前
画面大きいの使いたくて5sから7にします(^^)楽しみですね！ワイヤレスヘッドフォン、個人的なおすすめでParrot zik！かっこいいですよー,yyuka1か月前
なんか、太りました？,半角斎1か月前
iPhone7plus予約しました！,びたみんC1か月前
ジェットだからジェットさんなのねwww,anonymous【アノニマス】1か月前
IP67 (国際基準)なので、「30分の一定の水圧での水没でも壊れない」っていうことなので、まーほぼ防水ですよね。。。,BenWalter1か月前
そして初期不良動画を上げるんですね、解ります。,atushi10261か月前
iPhone７ってイヤホンジャックないからｲﾗﾈ,射命丸文1か月前
俺なんか4だぞ,水溜りはじめん1か月前
臭い,bom78711か月前
ワイヤレスイヤホンつけることによって髪が長い人からしたらイヤホン運転運転してる人増えそう。,秘密の国のねっち1か月前
"旅行か。
金持ちはいいな。
応援する気失せるわ
くそったれが。",うんちです1か月前
#NAME?,Ciel1か月前
#NAME?,株式会社拓海キログラムグラムリットルセンチメートル/元ゆっくりの人1か月前
今回の発表で、ジョブズがいかにすごいか分かった。,菅谷のりお1か月前
iPhone 7/7 Plus 発表まとめ！さあどうする！？買う？買わない？,たけし安田1か月前
"イヤホンジャックないとか、まぢ勘弁！
外で充電しながら音楽聞くんだが、、。
とーぶん変えないな。",YURI1か月前
このスマホのカメラってhonor6　plusのパクリだよな,polunt1か月前
オンボロイドのxperiaから乗り換えようと思うんだけど6sと7どっちがいいのかな,たきおんtakion1か月前
このコメントの下のコメントに・,sekainoowari1か月前
"今は６plusで十分だ、

ちなみに６plus使ってる人います？",NoriTama1か月前
"これだからAppleは好きじゃない
嫌いでもないが",Archer1か月前
そういえばDSLiteの色がジェットブラックでした。付属ヘッドホンはコードがないから無くしそう。,koujikoba1か月前
Ip26だから防水だと思います,てんてん1か月前
iphoneの充電がなくなったらぴろーんできないね,ささみんＥＸ1か月前
まってiPhone7クソやん6+がピークか,とーりん1か月前
iPhone7plusは、大きいのだからワイヤレス充電にも対応するべきだね。,DukeTOGOH1か月前
こいつ大丈夫？,とりーびく1か月前
きもい死ね,くた1か月前
ぼくちん　フリーsimで乗り切るね！,11azucat1121か月前
5s壊れたー,五条勝1か月前
毎日楽しみだなー。,田代智也1か月前
みんな、登録外そうぜ,tadatada9221か月前
5s使ってるけど7plusに機種変するー,たんもん1か月前
アイホン7モヤイ,ピリオドマスター鈴木1か月前
瀬戸さんの動画本当にわかりやすくていいと思う！友達にも紹介します！！,龍太郎1か月前
iPhoneがすごく未来化してきてしまったのがすごく怖いです。Bluetoothが主流になってしまうのは僕にとってはすごく怖いです...笑 正直、iPhone SEの方がいいと思う笑,Shimatetsu3101か月前
僕はBluetoothイヤホンを買うならノイズキャンセリングのついたポーズのQC30(9月発売)を買いたいなー,福井友輝1か月前
この新ギャグ好き笑,尾崎美保1か月前
"iPhone7+のカメラ機能いいなぁ...
しかもイヤホンジャック用の
アダプタを付属してくれてるし...
他の買いたい奴があったが、
バイト代貯めるか｡",ゆっくりヒロ1か月前
SE最強説,鳩間貴唯1か月前
別にジョブズが完璧なわけじゃないからどんどん新しくしてけば良いと思う,NaohiroHarada1か月前
知ったかぶり,靴下穴あき1か月前
"この動画見る前に予約してしまった
あんまりよくないな・
しかもジェットブラック傷つきやすいんかあ",ちゃんれい1か月前
このオッサン気持ち悪いんですけど,・JACK・1か月前
マンマミーヤ,亀川徹1か月前
要するにガラケーにやっと追いついたって事ですよね,かよっちチャンネル1か月前
iPhoneってどんどんデカくなるな,紅葉1か月前
当分5sのままでいきます。,1986ykr1か月前
"i phone 7いらねぇぇ！！！！
使えなさすぎ
絶対あんな落としそうな1万6千円の無線イヤホン買わないし。
そしたら充電しながら動画見たいってなっても充電もイヤホンも同じ同じ穴だから充電してる時はイヤホンできないわけだ、、いらな",SerenaArnfelser1か月前
なぜストロンガーだしw,KatoHayata1か月前
"せとさんワイヤレスのヘッドホン使ったことなかったの！
自分はワイヤレスが好き。",れいかおおぐさ1か月前
他の動画でもアイフォン７発売の動画出してるけどやっぱり瀬戸さんの新機種発売動画が一番見やすいし参考になるわさすがガジェットオタク,turupurunndayo1か月前
iPhoneもandroidも大好きだぁー！でも、やっぱりandroidっす。,JACKkamukamu1か月前
瀬戸弘司はん！！(=ﾟωﾟ)ﾉあのアップルストアのドラマ楽しみにしてますううぅぅぅぅ！！！！！絶対,天ちゃん1か月前
本当にわかりやすいまとめいつもありがとうございます。,BULLCOW1か月前
"耐水、防水関連の話だけど、
性能としてのテストでIP7まで対応してるとそれこそ公式で載せているから多少のことなら大丈夫だぞ。

表記に関してはそれで壊れたときの責任逃れのためだぞ。
大丈夫っていって壊れたらサポート対象外にしても覆されるからな。

ちゃんとIP67って表記されてるんだからまずそこを説明して風呂や海で使うなら自己責任だよっていう流れで動画に出せよ。

自分の発言の影響力考えろ。",rockniconico1か月前
瀬戸弘司解説わかりやすー,waima-osama1か月前
久しぶりに動画みた。,釣りちゃんねる☆1か月前
ジョブス要素が消えていく....,OAYTY1か月前
"5sが一番好きです。
6が出て、サイズが嫌でAndroidにしましたけど...
家の中で未だに使ってます(^_^)",NatM1か月前
iPhone7プラス買うからこうゆう動画は本当にありがたい。,富田姉妹1か月前
画質の良さって6と同じ？,h.sss1か月前
"youtuberたちが、こぞってiPhone7の宣伝しまくってますけど、これってGoogle的にはどうなんだろう？(笑)
ま、いいか。
花さか爺さん可愛いですね(´▽｀)",apricotsiroop1か月前
シャレてるCMより遥かに分かりやすい,ひよこ1か月前
"iPhone欲しいけどホーム画面のアイコンが上から順に並ぶのが嫌w

androidはどこでも置けるのがいい 
細かいところなんだけど",Naki1か月前
６ってさ、大幅なサイズ変更をしたけど、７は６のシステム的な変更点なのかな。,LtiFS1か月前
瀬戸さんbig blue partyって言うスピーカーいいですよ,LillyJasmine1か月前
母が熱海に行った,野口ひかる1か月前
はーい,RTRTHREE1か月前
"いや、もう、瀬戸さんのせいで
iPhone7の知識完璧やん！",りふぉん1か月前
"ヘッドホン使えなくなるから
買わないなぁ",KARU1か月前
"電車の網棚に置き忘れたのか…。
(･ω･ﾉﾉ""ﾄﾞﾝﾏｲ☆(･ω･ﾉﾉ""ﾁｬﾁｬﾁｬ☆(`･ω･ﾉﾉ""じゃが芋☆


……ふざけ過ぎました。スミマセンでした。m(_ _)m",konnitihakonnitiha1か月前
ブラックが一番いいと思う笑,夢を描いてるトムソウヤ1か月前
瀬戸さんってタバコ吸ってます？,くろまめChannel1か月前
文明が進みすぎると、人間そのものが凄まじいスピードで退化しているな。,JaschaHeifetz1か月前
音質はやっぱり落ちるけど、青歯イヤホンってとにかく楽なんだよなー,ryomat1か月前
？,坂本英夫1か月前
airpodsって付けてたら耳からうどん出てるみたいだろwww,謎のヒロインX1か月前
1.23E+36,ひがあきら1か月前
ジョブズがいなくなってからやっぱりダメやなあ……5s最高,Pandoraくん1か月前
あれ、これなんですか((エコー)),鳩ヒーロー1か月前
YouTubeのコメント欄なんか変わってりゅぅぅぅぅぅ,キャキャロット1か月前
充電しながらイヤホン挿せないじゃん,BaltimoreSirLord1か月前
まずお前は気持ち悪い,エアガンTV1か月前
やっぱ泥だわあ,るるあきら1か月前
僕もうGALAXYに移します,イブ1か月前
充電しながら音楽聴けないとかいってる奴いるけどサブ機で聴けばいいじゃん,ああ1か月前
"みんなジョブズジョブズうるさいんだよ
確かにジョブズは能力のある人だったけど、ジョブズに縛られて新しい挑戦をしないんではappleは成長しないし。
ジョブズだって新しい挑戦で名を馳せたんだしね",ひろきさとう1か月前
"イヤホン差しながら充電出来ないの
問題すぎるんだけど笑

うーん7微妙じゃね？
みんな買う？",MAXバリュー1か月前
イヤホンジャック無くしたのは、音質が良くなるからじゃなかった？,たむぽん1か月前
なんやあのTシャツのストロンガーw,ピーヤLoveLiverch1か月前
やっぱiPhone7よりGALAXYs7edgeだな,山根久昇1か月前
熱海市に住んでます！,ぽうきち1か月前
"コメ欄→5s最高！！
2年後→7以外無理",BOYcherry1か月前
iPhone 7/7plus両方予約済みだ,XxTYRANTxX1か月前
ギャラクシーの方がいいな,男性ユウキ1か月前
FeliCa対応すげえええええ,Akowago（あこわご）自作パソコン大好き！1か月前
Androidが至高。,ソロン1か月前
ストロンガーいいねw,マジュ1か月前
イヤホンジャックなくなるの嫌な奴はandroidにしろよｗｗｗｗｗ,アニオ1か月前
薄型にしなくていいからイヤホンジャックつけて欲しい,あかつき1か月前
"イヤホンジャック廃止は蛇足だろうなぁ
廃止しなければiPhone 7の一人勝ちだろうに(日本だけでかもしれないが)
技術的や配置的に無理だったのかね、Apple技術力なら出来そうだがなぁ",naokisuma1か月前
7買ってすぐに傷ついて俺は怒っている動画作るんだろうなw,Ciel1か月前
画質良すぎて最高,GGG1か月前
学校の先生に激似,なのるほどの者ではない1か月前
tシャツがストロンガー,SpearRib1か月前
"歩きスマホ宣言ｗｗｗ
気を付けてね",AKRaSAMIx1か月前
ゆーてiPhone水に強くね,ペテルギウスヴァン・アストレア1か月前
チクオさんみたいな帽子,MyNanasisan1か月前
ワイヤレスイヤホン同封されてると思ってた人・,矢吹杏果1か月前
絶対バッテリーすぐ減ると思う,虚弱太郎1か月前
こういう動画まじ助かる！！,メグミサマーウォーズ1か月前
イヤホンジャックを無くした事で、そこから繋いだイヤホンは音が良くなるそうです。,STVTheInformationBoard1か月前
イヤホンジャックなくしたのって薄くするためじゃなかったんだ、知らんかった…,chama山1か月前
瀬戸さんの解説は面白くてわかりやすい！！,田中龍之介1か月前
"安部マリオならぬ瀬戸マリオですか。
ケースがアップルを推奨笑笑",SAKURAI1か月前（編集済み）
手ブレ補正の精度は、iPhoneセブンよりXperiaXZの方が気になりますね。,kouki320i1か月前
iPhone7発表されてから瀬戸さんの動画ずっと待ってた人・,dopeman1か月前
実際、そこまで犠牲にしてまでも防水、防塵性能って需要あるのか？って思う。,RGTANICK1か月前
俺「ｾﾄｺｳｼﾞﾉｹｯｺﾝ、Σ(Дﾟ;/)/          何だ結論か」,Kanp.1891か月前
"私かわなーい。機種変したばっか(;_;)
6splusにしたばっかだもんヽ(￣д￣;)ノ=3=3=3。。。。(o^^o)",ちやんミミ1か月前
ためになりました,katsukiOiri1か月前
"今までのIPHONEでも水が少しかかる程度なら特に問題ないよな・・・
iphone4だけど未だに壊れないし。4の大きさベスト。",shinkouda1か月前
すごーくiPhone7のわかりやすい動画でした。128GBではなく、256GBにされないのですか？ 瀬戸さんには256GBのほーが良さそーですよね。ラジャ！,ken1969waka1か月前
iphone7買わなくてよくね,x_N12051か月前
くそわかりやすい,WorldView1か月前
うーむ( ；´Д｀)瀬戸さんも愛フォン7プラスのジェットブラック128GBかぁσ(^_^;)だよねぇ,uzumax9991か月前
hello japan,Krooft1か月前
"劣化してないか？
重さ、耐水性意外",空気清浄機マン1か月前
じんわりガラパゴス。,nyanko-George1か月前
カメラが申し訳程度に作った感半端ない,ホノカチャン1か月前
iPhone7欲しいなー,土肥祐介1か月前
なんかみんな叩いてるけど俺の使い方だとなかなか使いやすそうに聞こえるなー、やっぱ人によるんだとはおもうけどね,隊長自衛隊盗撮部隊1か月前
7いらないかな～耐水性はいいと思うけどイヤホンジャックがなくなるのはな～通学の時音楽聞くけどはずれてもひもで繋がってるからいいけどワイヤレスだとすぐ落ちそう終わりじゃん高いし,るな1か月前
"目次は親切でリスナー想いは伝わるけど

過保護すぎる。
ほんの少しの苦労もせずに動画を見る輩が増えるから
ずれた質問やずれたクレームを書き込むようになる
と最近感じる",穂煮家1か月前
ワイヤレスの流れ、なんか感動した笑,emongatya1か月前
Twitterにあったミニ動画これか！ww,るうぺろ1か月前
"アップルのサイト調べるとiphone 7でもいくつか型番があるみたいですね。
型番一種類だけかと思ってました。
アメリカで買うとスイカ対応していないのが嫌だな・。

http://www.apple.com/iphone/LTE/",KunikazuKoinuma1か月前（編集済み）
すごくためになる！,須藤麗奈1か月前
"ワイヤレスならジェイバードX2が最高ですよ
使ってますが遮音性能が高く音質がとても良いですのでオススメです",初心者マンボウ1か月前
新しいギャグ的なものウザいけどめっちゃ笑う,aimiFufu1か月前
